Student_ID,Enrolled_Courses
Student_0001,"리액트, 자바스크립트"
Student_0002,"HTML/CSS, 리액트, 웹 디자인 기초, 자바스크립트, 파이썬 기초"
Student_0003,"SQL, 머신러닝, 태블로 시각화, 파이썬 기초"
Student_0004,"리액트, 뷰(Vue), 자바스크립트"
Student_0005,"리액트, 뷰(Vue)"
Student_0006,"데이터 분석, 리액트, 태블로 시각화, 파이썬 기초"
Student_0007,"HTML/CSS, 뷰(Vue)"
Student_0008,"SQL, 머신러닝, 태블로 시각화, 파이썬 기초"
Student_0009,"SQL, 파이썬 기초"
Student_0010,"리액트, 뷰(Vue), 웹 디자인 기초"
Student_0011,"SQL, 데이터 분석, 머신러닝"
Student_0012,"HTML/CSS, 뷰(Vue), 웹 디자인 기초, 자바스크립트"
Student_0013,"HTML/CSS, 머신러닝, 뷰(Vue), 자바스크립트"
Student_0014,"HTML/CSS, 자바스크립트"
Student_0015,"SQL, 데이터 분석"
Student_0016,"HTML/CSS, 뷰(Vue), 웹 디자인 기초, 자바스크립트"
Student_0017,"리액트, 뷰(Vue), 웹 디자인 기초"
Student_0018,"HTML/CSS, 머신러닝, 태블로 시각화"
Student_0019,"뷰(Vue), 자바스크립트"
Student_0020,"SQL, 머신러닝, 태블로 시각화, 파이썬 기초"
Student_0021,"SQL, 데이터 분석, 태블로 시각화, 파이썬 기초"
Student_0022,"HTML/CSS, 리액트, 웹 디자인 기초, 자바스크립트"
Student_0023,"데이터 분석, 머신러닝, 태블로 시각화, 파이썬 기초"
Student_0024,"HTML/CSS, SQL, 리액트, 웹 디자인 기초, 자바스크립트"
Student_0025,"HTML/CSS, 뷰(Vue), 자바스크립트"
Student_0026,"데이터 분석, 리액트"
Student_0027,"SQL, 리액트, 웹 디자인 기초, 태블로 시각화"
Student_0028,"SQL, 머신러닝, 태블로 시각화, 파이썬 기초"
Student_0029,"SQL, 데이터 분석, 머신러닝, 자바스크립트, 태블로 시각화"
Student_0030,"데이터 분석, 태블로 시각화"
Student_0031,"SQL, 데이터 분석, 태블로 시각화, 파이썬 기초"
Student_0032,"SQL, 머신러닝"
Student_0033,"데이터 분석, 머신러닝, 태블로 시각화, 파이썬 기초"
Student_0034,"SQL, 머신러닝"
Student_0035,"HTML/CSS, 뷰(Vue), 웹 디자인 기초, 자바스크립트"
Student_0036,"웹 디자인 기초, 자바스크립트"
Student_0037,"SQL, 데이터 분석, 태블로 시각화"
Student_0038,"데이터 분석, 뷰(Vue), 파이썬 기초"
Student_0039,"HTML/CSS, 리액트, 뷰(Vue), 웹 디자인 기초"
Student_0040,"HTML/CSS, 머신러닝, 뷰(Vue), 자바스크립트"
Student_0041,"SQL, 머신러닝, 태블로 시각화"
Student_0042,"SQL, 리액트, 머신러닝, 뷰(Vue)"
Student_0043,"태블로 시각화, 파이썬 기초"
Student_0044,"SQL, 데이터 분석, 머신러닝, 파이썬 기초"
Student_0045,"데이터 분석, 머신러닝, 웹 디자인 기초"
Student_0046,"SQL, 데이터 분석, 태블로 시각화, 파이썬 기초"
Student_0047,"SQL, 데이터 분석, 리액트, 머신러닝, 태블로 시각화"
Student_0048,"HTML/CSS, 뷰(Vue)"
Student_0049,"HTML/CSS, 자바스크립트"
Student_0050,"데이터 분석, 머신러닝, 파이썬 기초"
Student_0051,"SQL, 데이터 분석, 태블로 시각화, 파이썬 기초"
Student_0052,"SQL, 파이썬 기초"
Student_0053,"리액트, 웹 디자인 기초"
Student_0054,"리액트, 뷰(Vue)"
Student_0055,"데이터 분석, 자바스크립트"
Student_0056,"HTML/CSS, 리액트"
Student_0057,"리액트, 뷰(Vue), 자바스크립트"
Student_0058,"HTML/CSS, 자바스크립트"
Student_0059,"HTML/CSS, SQL, 뷰(Vue), 웹 디자인 기초, 자바스크립트"
Student_0060,"리액트, 자바스크립트"
Student_0061,"리액트, 뷰(Vue), 웹 디자인 기초"
Student_0062,"SQL, 웹 디자인 기초"
Student_0063,"리액트, 자바스크립트"
Student_0064,"SQL, 데이터 분석, 머신러닝, 파이썬 기초"
Student_0065,"데이터 분석, 머신러닝, 태블로 시각화"
Student_0066,"HTML/CSS, 자바스크립트"
Student_0067,"SQL, 데이터 분석, 파이썬 기초"
Student_0068,"SQL, 데이터 분석, 머신러닝, 파이썬 기초"
Student_0069,"데이터 분석, 자바스크립트, 파이썬 기초"
Student_0070,"데이터 분석, 머신러닝, 파이썬 기초"
Student_0071,"머신러닝, 파이썬 기초"
Student_0072,"HTML/CSS, 리액트, 웹 디자인 기초, 자바스크립트"
Student_0073,"HTML/CSS, 데이터 분석, 리액트, 태블로 시각화"
Student_0074,"SQL, 머신러닝, 태블로 시각화"
Student_0075,"SQL, 데이터 분석, 머신러닝"
Student_0076,"SQL, 태블로 시각화"
Student_0077,"리액트, 뷰(Vue), 웹 디자인 기초, 자바스크립트"
Student_0078,"HTML/CSS, 데이터 분석, 리액트, 웹 디자인 기초, 자바스크립트"
Student_0079,"데이터 분석, 웹 디자인 기초, 자바스크립트"
Student_0080,"HTML/CSS, 데이터 분석, 리액트, 자바스크립트"
Student_0081,"HTML/CSS, 뷰(Vue), 웹 디자인 기초, 자바스크립트, 파이썬 기초"
Student_0082,"뷰(Vue), 자바스크립트"
Student_0083,"리액트, 머신러닝, 자바스크립트, 파이썬 기초"
Student_0084,"SQL, 머신러닝"
Student_0085,"리액트, 뷰(Vue), 웹 디자인 기초, 자바스크립트"
Student_0086,"HTML/CSS, 리액트, 뷰(Vue)"
Student_0087,"SQL, 데이터 분석, 리액트, 머신러닝, 태블로 시각화"
Student_0088,"SQL, 머신러닝, 파이썬 기초"
Student_0089,"데이터 분석, 파이썬 기초"
Student_0090,"머신러닝, 태블로 시각화, 파이썬 기초"
Student_0091,"데이터 분석, 머신러닝, 태블로 시각화, 파이썬 기초"
Student_0092,"데이터 분석, 머신러닝, 태블로 시각화"
Student_0093,"SQL, 머신러닝"
Student_0094,"HTML/CSS, 리액트, 뷰(Vue), 자바스크립트"
Student_0095,"HTML/CSS, 리액트, 머신러닝, 웹 디자인 기초, 자바스크립트"
Student_0096,"SQL, 머신러닝, 파이썬 기초"
Student_0097,"SQL, 데이터 분석, 머신러닝"
Student_0098,"HTML/CSS, 뷰(Vue), 웹 디자인 기초, 자바스크립트"
Student_0099,"HTML/CSS, 리액트, 뷰(Vue), 웹 디자인 기초"
Student_0100,"뷰(Vue), 자바스크립트"
Student_0101,"리액트, 뷰(Vue)"
Student_0102,"데이터 분석, 머신러닝, 태블로 시각화, 파이썬 기초"
Student_0103,"머신러닝, 웹 디자인 기초, 자바스크립트, 파이썬 기초"
Student_0104,"HTML/CSS, 리액트, 웹 디자인 기초, 자바스크립트"
Student_0105,"HTML/CSS, 웹 디자인 기초"
Student_0106,"SQL, 태블로 시각화, 파이썬 기초"
Student_0107,"리액트, 뷰(Vue)"
Student_0108,"HTML/CSS, 뷰(Vue), 웹 디자인 기초, 자바스크립트"
Student_0109,"리액트, 자바스크립트, 태블로 시각화"
Student_0110,"SQL, 파이썬 기초"
Student_0111,"데이터 분석, 리액트, 머신러닝, 태블로 시각화"
Student_0112,"SQL, 태블로 시각화"
Student_0113,"HTML/CSS, 리액트, 머신러닝, 뷰(Vue), 웹 디자인 기초"
Student_0114,"뷰(Vue), 웹 디자인 기초"
Student_0115,"SQL, 데이터 분석, 머신러닝"
Student_0116,"리액트, 뷰(Vue), 자바스크립트"
Student_0117,"리액트, 뷰(Vue), 자바스크립트"
Student_0118,"SQL, 파이썬 기초"
Student_0119,"HTML/CSS, SQL, 머신러닝, 뷰(Vue)"
Student_0120,"HTML/CSS, 리액트, 뷰(Vue), 웹 디자인 기초"
Student_0121,"HTML/CSS, 데이터 분석, 머신러닝, 파이썬 기초"
Student_0122,"HTML/CSS, 리액트, 뷰(Vue), 자바스크립트"
Student_0123,"HTML/CSS, 리액트, 자바스크립트"
Student_0124,"HTML/CSS, 뷰(Vue)"
Student_0125,"HTML/CSS, 데이터 분석, 뷰(Vue), 웹 디자인 기초, 자바스크립트"
Student_0126,"SQL, 데이터 분석, 태블로 시각화"
Student_0127,"웹 디자인 기초, 자바스크립트, 태블로 시각화"
Student_0128,"HTML/CSS, 웹 디자인 기초"
Student_0129,"SQL, 파이썬 기초"
Student_0130,"데이터 분석, 파이썬 기초"
Student_0131,"HTML/CSS, 리액트, 뷰(Vue)"
Student_0132,"데이터 분석, 머신러닝, 파이썬 기초"
Student_0133,"HTML/CSS, 리액트, 뷰(Vue), 자바스크립트"
Student_0134,"데이터 분석, 파이썬 기초"
Student_0135,"SQL, 데이터 분석, 리액트, 태블로 시각화"
Student_0136,"뷰(Vue), 웹 디자인 기초, 자바스크립트, 파이썬 기초"
Student_0137,"HTML/CSS, 리액트, 뷰(Vue), 웹 디자인 기초"
Student_0138,"HTML/CSS, 리액트, 웹 디자인 기초, 자바스크립트"
Student_0139,"뷰(Vue), 웹 디자인 기초"
Student_0140,"데이터 분석, 머신러닝, 태블로 시각화, 파이썬 기초"
Student_0141,"SQL, 데이터 분석, 머신러닝, 파이썬 기초"
Student_0142,"데이터 분석, 리액트, 태블로 시각화, 파이썬 기초"
Student_0143,"SQL, 태블로 시각화, 파이썬 기초"
Student_0144,"리액트, 자바스크립트"
Student_0145,"HTML/CSS, 뷰(Vue), 자바스크립트"
Student_0146,"데이터 분석, 리액트, 파이썬 기초"
Student_0147,"SQL, 리액트, 머신러닝, 태블로 시각화"
Student_0148,"데이터 분석, 태블로 시각화, 파이썬 기초"
Student_0149,"SQL, 머신러닝"
Student_0150,"데이터 분석, 머신러닝, 태블로 시각화"
Student_0151,"데이터 분석, 머신러닝, 태블로 시각화, 파이썬 기초"
Student_0152,"HTML/CSS, 리액트, 웹 디자인 기초"
Student_0153,"데이터 분석, 머신러닝, 태블로 시각화, 파이썬 기초"
Student_0154,"SQL, 데이터 분석, 머신러닝, 태블로 시각화"
Student_0155,"웹 디자인 기초, 자바스크립트"
Student_0156,"SQL, 머신러닝, 파이썬 기초"
Student_0157,"SQL, 리액트, 자바스크립트"
Student_0158,"HTML/CSS, 뷰(Vue)"
Student_0159,"HTML/CSS, 뷰(Vue), 웹 디자인 기초"
Student_0160,"SQL, 데이터 분석, 태블로 시각화, 파이썬 기초"
Student_0161,"HTML/CSS, 리액트, 뷰(Vue), 자바스크립트"
Student_0162,"HTML/CSS, SQL, 리액트, 웹 디자인 기초"
Student_0163,"데이터 분석, 뷰(Vue), 웹 디자인 기초, 자바스크립트"
Student_0164,"뷰(Vue), 자바스크립트"
Student_0165,"HTML/CSS, 파이썬 기초"
Student_0166,"데이터 분석, 머신러닝, 파이썬 기초"
Student_0167,"머신러닝, 웹 디자인 기초, 자바스크립트"
Student_0168,"뷰(Vue), 자바스크립트"
Student_0169,"HTML/CSS, 리액트, 자바스크립트"
Student_0170,"HTML/CSS, 뷰(Vue)"
Student_0171,"리액트, 자바스크립트, 태블로 시각화"
Student_0172,"머신러닝, 뷰(Vue), 웹 디자인 기초"
Student_0173,"HTML/CSS, 리액트, 웹 디자인 기초, 자바스크립트"
Student_0174,"HTML/CSS, 뷰(Vue), 웹 디자인 기초, 자바스크립트"
Student_0175,"SQL, 데이터 분석, 머신러닝, 파이썬 기초"
Student_0176,"리액트, 웹 디자인 기초, 태블로 시각화, 파이썬 기초"
Student_0177,"HTML/CSS, 리액트, 웹 디자인 기초, 자바스크립트"
Student_0178,"SQL, 태블로 시각화"
Student_0179,"리액트, 태블로 시각화"
Student_0180,"HTML/CSS, 데이터 분석, 리액트"
Student_0181,"머신러닝, 자바스크립트"
Student_0182,"HTML/CSS, 데이터 분석, 자바스크립트, 파이썬 기초"
Student_0183,"SQL, 머신러닝"
Student_0184,"HTML/CSS, 리액트, 뷰(Vue), 웹 디자인 기초"
Student_0185,"HTML/CSS, 리액트, 웹 디자인 기초, 자바스크립트"
Student_0186,"HTML/CSS, 리액트, 뷰(Vue), 웹 디자인 기초, 파이썬 기초"
Student_0187,"머신러닝, 태블로 시각화, 파이썬 기초"
Student_0188,"SQL, 머신러닝, 태블로 시각화"
Student_0189,"SQL, 머신러닝, 파이썬 기초"
Student_0190,"HTML/CSS, 머신러닝"
Student_0191,"SQL, 파이썬 기초"
Student_0192,"SQL, 데이터 분석, 태블로 시각화, 파이썬 기초"
Student_0193,"SQL, 데이터 분석, 파이썬 기초"
Student_0194,"HTML/CSS, 머신러닝"
Student_0195,"데이터 분석, 머신러닝, 웹 디자인 기초, 태블로 시각화"
Student_0196,"SQL, 데이터 분석"
Student_0197,"리액트, 웹 디자인 기초, 자바스크립트"
Student_0198,"데이터 분석, 머신러닝, 태블로 시각화, 파이썬 기초"
Student_0199,"데이터 분석, 머신러닝, 뷰(Vue), 파이썬 기초"
Student_0200,"HTML/CSS, 리액트, 뷰(Vue), 자바스크립트"
Student_0201,"SQL, 데이터 분석, 태블로 시각화, 파이썬 기초"
Student_0202,"리액트, 자바스크립트"
Student_0203,"HTML/CSS, 머신러닝, 태블로 시각화"
Student_0204,"데이터 분석, 파이썬 기초"
Student_0205,"리액트, 뷰(Vue), 웹 디자인 기초, 자바스크립트"
Student_0206,"HTML/CSS, 자바스크립트"
Student_0207,"리액트, 뷰(Vue), 자바스크립트"
Student_0208,"SQL, 데이터 분석, 태블로 시각화"
Student_0209,"HTML/CSS, 뷰(Vue), 웹 디자인 기초, 파이썬 기초"
Student_0210,"HTML/CSS, 리액트, 자바스크립트"
Student_0211,"HTML/CSS, 리액트, 뷰(Vue), 자바스크립트"
Student_0212,"리액트, 웹 디자인 기초, 자바스크립트, 태블로 시각화"
Student_0213,"데이터 분석, 머신러닝, 태블로 시각화, 파이썬 기초"
Student_0214,"데이터 분석, 머신러닝, 태블로 시각화"
Student_0215,"뷰(Vue), 웹 디자인 기초, 태블로 시각화, 파이썬 기초"
Student_0216,"SQL, 리액트, 태블로 시각화, 파이썬 기초"
Student_0217,"HTML/CSS, 리액트, 웹 디자인 기초"
Student_0218,"SQL, 머신러닝, 웹 디자인 기초, 태블로 시각화, 파이썬 기초"
Student_0219,"SQL, 머신러닝, 파이썬 기초"
Student_0220,"HTML/CSS, 리액트, 뷰(Vue), 웹 디자인 기초"
Student_0221,"HTML/CSS, 리액트, 뷰(Vue), 자바스크립트"
Student_0222,"데이터 분석, 태블로 시각화, 파이썬 기초"
Student_0223,"SQL, 데이터 분석, 머신러닝, 뷰(Vue), 태블로 시각화"
Student_0224,"머신러닝, 파이썬 기초"
Student_0225,"SQL, 데이터 분석"
Student_0226,"데이터 분석, 머신러닝, 파이썬 기초"
Student_0227,"HTML/CSS, 리액트, 웹 디자인 기초, 자바스크립트"
Student_0228,"머신러닝, 파이썬 기초"
Student_0229,"HTML/CSS, 뷰(Vue), 웹 디자인 기초, 자바스크립트"
Student_0230,"리액트, 웹 디자인 기초"
Student_0231,"HTML/CSS, 뷰(Vue), 웹 디자인 기초"
Student_0232,"HTML/CSS, 리액트, 뷰(Vue), 자바스크립트"
Student_0233,"HTML/CSS, 웹 디자인 기초"
Student_0234,"SQL, 데이터 분석, 리액트, 파이썬 기초"
Student_0235,"데이터 분석, 머신러닝, 태블로 시각화, 파이썬 기초"
Student_0236,"리액트, 뷰(Vue), 웹 디자인 기초, 자바스크립트"
Student_0237,"SQL, 머신러닝, 웹 디자인 기초, 태블로 시각화"
Student_0238,"머신러닝, 태블로 시각화, 파이썬 기초"
Student_0239,"데이터 분석, 머신러닝, 태블로 시각화, 파이썬 기초"
Student_0240,"리액트, 뷰(Vue), 웹 디자인 기초, 자바스크립트"
Student_0241,"HTML/CSS, 데이터 분석, 웹 디자인 기초"
Student_0242,"HTML/CSS, 자바스크립트"
Student_0243,"HTML/CSS, SQL, 뷰(Vue), 웹 디자인 기초"
Student_0244,"HTML/CSS, 자바스크립트, 파이썬 기초"
Student_0245,"HTML/CSS, 리액트, 뷰(Vue), 자바스크립트"
Student_0246,"데이터 분석, 머신러닝, 자바스크립트, 태블로 시각화"
Student_0247,"SQL, 데이터 분석, 자바스크립트"
Student_0248,"SQL, 데이터 분석, 태블로 시각화"
Student_0249,"데이터 분석, 뷰(Vue), 자바스크립트, 태블로 시각화"
Student_0250,"SQL, 데이터 분석, 파이썬 기초"
Student_0251,"웹 디자인 기초, 자바스크립트"
Student_0252,"태블로 시각화, 파이썬 기초"
Student_0253,"HTML/CSS, 리액트, 뷰(Vue), 자바스크립트"
Student_0254,"HTML/CSS, 뷰(Vue), 웹 디자인 기초, 자바스크립트"
Student_0255,"리액트, 뷰(Vue), 웹 디자인 기초"
Student_0256,"SQL, 머신러닝"
Student_0257,"SQL, 데이터 분석, 머신러닝, 태블로 시각화"
Student_0258,"SQL, 리액트, 웹 디자인 기초, 자바스크립트"
Student_0259,"SQL, 태블로 시각화, 파이썬 기초"
Student_0260,"HTML/CSS, 뷰(Vue), 자바스크립트"
Student_0261,"HTML/CSS, 뷰(Vue), 자바스크립트"
Student_0262,"HTML/CSS, 자바스크립트, 파이썬 기초"
Student_0263,"HTML/CSS, SQL, 데이터 분석"
Student_0264,"HTML/CSS, 리액트, 웹 디자인 기초, 자바스크립트"
Student_0265,"HTML/CSS, 뷰(Vue), 웹 디자인 기초, 자바스크립트"
Student_0266,"데이터 분석, 리액트, 머신러닝"
Student_0267,"데이터 분석, 파이썬 기초"
Student_0268,"HTML/CSS, 웹 디자인 기초, 자바스크립트"
Student_0269,"SQL, 데이터 분석, 태블로 시각화, 파이썬 기초"
Student_0270,"데이터 분석, 머신러닝, 파이썬 기초"
Student_0271,"데이터 분석, 태블로 시각화, 파이썬 기초"
Student_0272,"HTML/CSS, SQL, 머신러닝, 태블로 시각화"
Student_0273,"SQL, 머신러닝, 태블로 시각화, 파이썬 기초"
Student_0274,"SQL, 데이터 분석, 머신러닝, 태블로 시각화"
Student_0275,"HTML/CSS, 뷰(Vue)"
Student_0276,"SQL, 파이썬 기초"
Student_0277,"HTML/CSS, 리액트, 뷰(Vue), 웹 디자인 기초"
Student_0278,"SQL, 리액트, 웹 디자인 기초"
Student_0279,"데이터 분석, 머신러닝, 태블로 시각화"
Student_0280,"HTML/CSS, 리액트, 웹 디자인 기초"
Student_0281,"SQL, 데이터 분석, 리액트, 태블로 시각화, 파이썬 기초"
Student_0282,"SQL, 데이터 분석, 머신러닝, 태블로 시각화"
Student_0283,"데이터 분석, 머신러닝, 태블로 시각화"
Student_0284,"HTML/CSS, 뷰(Vue)"
Student_0285,"HTML/CSS, 뷰(Vue), 웹 디자인 기초, 자바스크립트, 파이썬 기초"
Student_0286,"SQL, 데이터 분석, 태블로 시각화, 파이썬 기초"
Student_0287,"HTML/CSS, 리액트, 뷰(Vue)"
Student_0288,"HTML/CSS, 리액트, 웹 디자인 기초"
Student_0289,"머신러닝, 태블로 시각화"
Student_0290,"SQL, 데이터 분석, 머신러닝"
Student_0291,"SQL, 데이터 분석, 머신러닝"
Student_0292,"HTML/CSS, 뷰(Vue), 자바스크립트"
Student_0293,"HTML/CSS, 데이터 분석, 태블로 시각화"
Student_0294,"리액트, 자바스크립트"
Student_0295,"데이터 분석, 태블로 시각화"
Student_0296,"SQL, 데이터 분석, 태블로 시각화, 파이썬 기초"
Student_0297,"SQL, 머신러닝, 태블로 시각화"
Student_0298,"데이터 분석, 머신러닝, 태블로 시각화, 파이썬 기초"
Student_0299,"HTML/CSS, 웹 디자인 기초, 자바스크립트"
Student_0300,"데이터 분석, 뷰(Vue)"
Student_0301,"SQL, 데이터 분석"
Student_0302,"SQL, 데이터 분석, 머신러닝, 파이썬 기초"
Student_0303,"HTML/CSS, 리액트"
Student_0304,"SQL, 데이터 분석, 머신러닝, 태블로 시각화"
Student_0305,"HTML/CSS, 웹 디자인 기초"
Student_0306,"리액트, 뷰(Vue), 자바스크립트"
Student_0307,"리액트, 뷰(Vue), 웹 디자인 기초, 자바스크립트"
Student_0308,"HTML/CSS, 리액트, 뷰(Vue), 자바스크립트"
Student_0309,"머신러닝, 태블로 시각화, 파이썬 기초"
Student_0310,"SQL, 데이터 분석, 태블로 시각화, 파이썬 기초"
Student_0311,"리액트, 자바스크립트"
Student_0312,"데이터 분석, 뷰(Vue), 파이썬 기초"
Student_0313,"뷰(Vue), 웹 디자인 기초, 자바스크립트"
Student_0314,"뷰(Vue), 자바스크립트"
Student_0315,"HTML/CSS, 뷰(Vue), 웹 디자인 기초"
Student_0316,"SQL, 리액트, 자바스크립트"
Student_0317,"HTML/CSS, 리액트, 뷰(Vue), 웹 디자인 기초"
Student_0318,"HTML/CSS, SQL, 데이터 분석, 머신러닝"
Student_0319,"리액트, 웹 디자인 기초, 태블로 시각화"
Student_0320,"HTML/CSS, 리액트, 뷰(Vue), 웹 디자인 기초"
Student_0321,"HTML/CSS, 리액트, 웹 디자인 기초"
Student_0322,"HTML/CSS, 리액트, 뷰(Vue), 웹 디자인 기초"
Student_0323,"HTML/CSS, 리액트, 뷰(Vue), 자바스크립트"
Student_0324,"리액트, 뷰(Vue)"
Student_0325,"리액트, 뷰(Vue), 웹 디자인 기초, 자바스크립트"
Student_0326,"SQL, 머신러닝, 파이썬 기초"
Student_0327,"HTML/CSS, 뷰(Vue), 웹 디자인 기초, 자바스크립트"
Student_0328,"데이터 분석, 뷰(Vue), 웹 디자인 기초"
Student_0329,"데이터 분석, 머신러닝, 태블로 시각화, 파이썬 기초"
Student_0330,"SQL, 데이터 분석, 머신러닝, 태블로 시각화"
Student_0331,"웹 디자인 기초, 자바스크립트"
Student_0332,"HTML/CSS, 뷰(Vue), 자바스크립트"
Student_0333,"HTML/CSS, 뷰(Vue), 웹 디자인 기초"
Student_0334,"HTML/CSS, 리액트, 뷰(Vue), 웹 디자인 기초"
Student_0335,"SQL, 데이터 분석, 태블로 시각화"
Student_0336,"SQL, 데이터 분석, 웹 디자인 기초, 태블로 시각화"
Student_0337,"HTML/CSS, SQL, 데이터 분석, 머신러닝"
Student_0338,"SQL, 머신러닝, 파이썬 기초"
Student_0339,"HTML/CSS, 리액트, 웹 디자인 기초, 자바스크립트"
Student_0340,"HTML/CSS, 리액트, 웹 디자인 기초, 자바스크립트"
Student_0341,"HTML/CSS, 자바스크립트"
Student_0342,"리액트, 자바스크립트"
Student_0343,"리액트, 웹 디자인 기초"
Student_0344,"데이터 분석, 태블로 시각화"
Student_0345,"뷰(Vue), 자바스크립트"
Student_0346,"머신러닝, 태블로 시각화"
Student_0347,"HTML/CSS, 웹 디자인 기초, 자바스크립트"
Student_0348,"SQL, 머신러닝, 태블로 시각화"
Student_0349,"뷰(Vue), 웹 디자인 기초"
Student_0350,"리액트, 뷰(Vue), 자바스크립트"
Student_0351,"SQL, 머신러닝, 태블로 시각화, 파이썬 기초"
Student_0352,"HTML/CSS, 리액트, 뷰(Vue)"
Student_0353,"SQL, 머신러닝"
Student_0354,"데이터 분석, 머신러닝, 태블로 시각화"
Student_0355,"SQL, 데이터 분석, 태블로 시각화, 파이썬 기초"
Student_0356,"SQL, 머신러닝"
Student_0357,"HTML/CSS, 리액트, 웹 디자인 기초, 자바스크립트"
Student_0358,"데이터 분석, 머신러닝"
Student_0359,"리액트, 뷰(Vue), 자바스크립트"
Student_0360,"HTML/CSS, 리액트, 웹 디자인 기초, 자바스크립트"
Student_0361,"HTML/CSS, 뷰(Vue), 웹 디자인 기초"
Student_0362,"뷰(Vue), 웹 디자인 기초"
Student_0363,"머신러닝, 태블로 시각화, 파이썬 기초"
Student_0364,"HTML/CSS, 뷰(Vue), 웹 디자인 기초"
Student_0365,"HTML/CSS, 리액트, 웹 디자인 기초"
Student_0366,"HTML/CSS, 뷰(Vue), 웹 디자인 기초, 자바스크립트"
Student_0367,"리액트, 뷰(Vue)"
Student_0368,"HTML/CSS, 머신러닝, 뷰(Vue)"
Student_0369,"SQL, 머신러닝"
Student_0370,"SQL, 머신러닝, 파이썬 기초"
Student_0371,"HTML/CSS, 리액트"
Student_0372,"HTML/CSS, 리액트, 웹 디자인 기초, 자바스크립트"
Student_0373,"리액트, 뷰(Vue), 웹 디자인 기초, 자바스크립트"
Student_0374,"SQL, 데이터 분석, 파이썬 기초"
Student_0375,"HTML/CSS, 뷰(Vue)"
Student_0376,"머신러닝, 웹 디자인 기초"
Student_0377,"SQL, 머신러닝, 태블로 시각화, 파이썬 기초"
Student_0378,"데이터 분석, 리액트, 태블로 시각화, 파이썬 기초"
Student_0379,"SQL, 데이터 분석, 머신러닝, 태블로 시각화"
Student_0380,"리액트, 뷰(Vue), 웹 디자인 기초, 자바스크립트"
Student_0381,"SQL, 리액트, 뷰(Vue), 웹 디자인 기초, 자바스크립트"
Student_0382,"HTML/CSS, 리액트, 뷰(Vue), 자바스크립트"
Student_0383,"SQL, 머신러닝"
Student_0384,"리액트, 자바스크립트"
Student_0385,"데이터 분석, 머신러닝, 파이썬 기초"
Student_0386,"SQL, 데이터 분석"
Student_0387,"SQL, 태블로 시각화, 파이썬 기초"
Student_0388,"머신러닝, 태블로 시각화, 파이썬 기초"
Student_0389,"HTML/CSS, 뷰(Vue), 웹 디자인 기초, 자바스크립트"
Student_0390,"데이터 분석, 태블로 시각화"
Student_0391,"데이터 분석, 머신러닝, 태블로 시각화"
Student_0392,"리액트, 뷰(Vue), 웹 디자인 기초"
Student_0393,"데이터 분석, 머신러닝, 뷰(Vue), 태블로 시각화"
Student_0394,"리액트, 웹 디자인 기초, 자바스크립트"
Student_0395,"HTML/CSS, 자바스크립트"
Student_0396,"SQL, 데이터 분석, 자바스크립트, 태블로 시각화"
Student_0397,"데이터 분석, 머신러닝, 태블로 시각화"
Student_0398,"리액트, 뷰(Vue), 태블로 시각화"
Student_0399,"HTML/CSS, 리액트, 뷰(Vue), 자바스크립트"
Student_0400,"HTML/CSS, 리액트, 뷰(Vue), 웹 디자인 기초"
Student_0401,"SQL, 데이터 분석, 머신러닝, 웹 디자인 기초, 파이썬 기초"
Student_0402,"뷰(Vue), 웹 디자인 기초"
Student_0403,"SQL, 머신러닝, 태블로 시각화, 파이썬 기초"
Student_0404,"HTML/CSS, 머신러닝, 태블로 시각화, 파이썬 기초"
Student_0405,"리액트, 자바스크립트"
Student_0406,"SQL, 데이터 분석, 파이썬 기초"
Student_0407,"SQL, 데이터 분석, 머신러닝, 파이썬 기초"
Student_0408,"HTML/CSS, 뷰(Vue)"
Student_0409,"HTML/CSS, 머신러닝, 자바스크립트"
Student_0410,"HTML/CSS, 리액트, 웹 디자인 기초"
Student_0411,"데이터 분석, 머신러닝, 태블로 시각화, 파이썬 기초"
Student_0412,"HTML/CSS, 뷰(Vue), 웹 디자인 기초"
Student_0413,"데이터 분석, 태블로 시각화"
Student_0414,"HTML/CSS, 리액트, 웹 디자인 기초"
Student_0415,"리액트, 웹 디자인 기초, 자바스크립트"
Student_0416,"SQL, 머신러닝, 태블로 시각화, 파이썬 기초"
Student_0417,"SQL, 뷰(Vue), 웹 디자인 기초, 자바스크립트"
Student_0418,"뷰(Vue), 웹 디자인 기초, 자바스크립트"
Student_0419,"머신러닝, 웹 디자인 기초, 태블로 시각화"
Student_0420,"태블로 시각화, 파이썬 기초"
Student_0421,"HTML/CSS, SQL, 데이터 분석, 머신러닝, 태블로 시각화"
Student_0422,"HTML/CSS, 데이터 분석, 태블로 시각화"
Student_0423,"머신러닝, 태블로 시각화"
Student_0424,"HTML/CSS, 웹 디자인 기초"
Student_0425,"SQL, 데이터 분석, 머신러닝, 파이썬 기초"
Student_0426,"HTML/CSS, 리액트, 웹 디자인 기초, 자바스크립트"
Student_0427,"SQL, 데이터 분석, 자바스크립트, 태블로 시각화"
Student_0428,"SQL, 머신러닝, 파이썬 기초"
Student_0429,"리액트, 머신러닝, 웹 디자인 기초, 파이썬 기초"
Student_0430,"SQL, 머신러닝"
Student_0431,"SQL, 데이터 분석, 머신러닝"
Student_0432,"HTML/CSS, 리액트, 웹 디자인 기초, 자바스크립트"
Student_0433,"SQL, 머신러닝, 태블로 시각화"
Student_0434,"리액트, 뷰(Vue), 웹 디자인 기초, 자바스크립트"
Student_0435,"데이터 분석, 태블로 시각화"
Student_0436,"HTML/CSS, 리액트, 웹 디자인 기초, 자바스크립트"
Student_0437,"SQL, 머신러닝, 파이썬 기초"
Student_0438,"리액트, 자바스크립트"
Student_0439,"뷰(Vue), 웹 디자인 기초"
Student_0440,"HTML/CSS, 데이터 분석, 뷰(Vue), 웹 디자인 기초, 자바스크립트"
Student_0441,"HTML/CSS, 리액트, 자바스크립트"
Student_0442,"HTML/CSS, SQL, 리액트, 뷰(Vue)"
Student_0443,"SQL, 데이터 분석, 머신러닝, 태블로 시각화"
Student_0444,"HTML/CSS, 뷰(Vue), 웹 디자인 기초, 자바스크립트"
Student_0445,"데이터 분석, 파이썬 기초"
Student_0446,"머신러닝, 태블로 시각화"
Student_0447,"HTML/CSS, SQL, 데이터 분석, 머신러닝, 파이썬 기초"
Student_0448,"SQL, 데이터 분석, 파이썬 기초"
Student_0449,"SQL, 머신러닝"
Student_0450,"SQL, 데이터 분석, 태블로 시각화"
Student_0451,"SQL, 데이터 분석, 머신러닝, 태블로 시각화"
Student_0452,"HTML/CSS, 리액트"
Student_0453,"HTML/CSS, 리액트, 웹 디자인 기초, 자바스크립트"
Student_0454,"SQL, 머신러닝, 태블로 시각화"
Student_0455,"SQL, 태블로 시각화"
Student_0456,"HTML/CSS, 리액트, 뷰(Vue), 웹 디자인 기초"
Student_0457,"SQL, 데이터 분석"
Student_0458,"리액트, 웹 디자인 기초, 자바스크립트"
Student_0459,"SQL, 데이터 분석, 태블로 시각화, 파이썬 기초"
Student_0460,"데이터 분석, 머신러닝, 파이썬 기초"
Student_0461,"뷰(Vue), 웹 디자인 기초"
Student_0462,"HTML/CSS, 리액트, 뷰(Vue), 웹 디자인 기초"
Student_0463,"HTML/CSS, 리액트"
Student_0464,"뷰(Vue), 웹 디자인 기초"
Student_0465,"SQL, 태블로 시각화"
Student_0466,"HTML/CSS, 뷰(Vue), 웹 디자인 기초, 자바스크립트"
Student_0467,"HTML/CSS, 리액트"
Student_0468,"머신러닝, 파이썬 기초"
Student_0469,"SQL, 데이터 분석, 머신러닝, 태블로 시각화"
Student_0470,"데이터 분석, 파이썬 기초"
Student_0471,"리액트, 뷰(Vue), 웹 디자인 기초, 자바스크립트"
Student_0472,"데이터 분석, 머신러닝, 태블로 시각화, 파이썬 기초"
Student_0473,"SQL, 웹 디자인 기초, 자바스크립트"
Student_0474,"HTML/CSS, 뷰(Vue), 웹 디자인 기초, 자바스크립트"
Student_0475,"머신러닝, 파이썬 기초"
Student_0476,"데이터 분석, 머신러닝, 태블로 시각화"
Student_0477,"HTML/CSS, 리액트, 뷰(Vue), 자바스크립트"
Student_0478,"HTML/CSS, 뷰(Vue), 자바스크립트"
Student_0479,"SQL, 데이터 분석, 태블로 시각화"
Student_0480,"HTML/CSS, 데이터 분석, 뷰(Vue), 웹 디자인 기초, 자바스크립트"
Student_0481,"데이터 분석, 머신러닝"
Student_0482,"SQL, 웹 디자인 기초, 태블로 시각화, 파이썬 기초"
Student_0483,"HTML/CSS, 리액트, 뷰(Vue)"
Student_0484,"SQL, 데이터 분석, 머신러닝"
Student_0485,"뷰(Vue), 자바스크립트, 태블로 시각화"
Student_0486,"데이터 분석, 머신러닝, 태블로 시각화, 파이썬 기초"
Student_0487,"SQL, 데이터 분석, 리액트"
Student_0488,"태블로 시각화, 파이썬 기초"
Student_0489,"뷰(Vue), 자바스크립트"
Student_0490,"HTML/CSS, 웹 디자인 기초"
Student_0491,"데이터 분석, 머신러닝, 태블로 시각화"
Student_0492,"HTML/CSS, 태블로 시각화, 파이썬 기초"
Student_0493,"리액트, 뷰(Vue), 자바스크립트"
Student_0494,"SQL, 데이터 분석, 머신러닝, 파이썬 기초"
Student_0495,"HTML/CSS, 리액트, 웹 디자인 기초, 자바스크립트"
Student_0496,"데이터 분석, 머신러닝"
Student_0497,"SQL, 머신러닝, 태블로 시각화, 파이썬 기초"
Student_0498,"웹 디자인 기초, 자바스크립트"
Student_0499,"SQL, 데이터 분석, 머신러닝, 파이썬 기초"
Student_0500,"태블로 시각화, 파이썬 기초"
Student_0501,"데이터 분석, 머신러닝, 태블로 시각화"
Student_0502,"데이터 분석, 머신러닝, 태블로 시각화, 파이썬 기초"
Student_0503,"리액트, 자바스크립트"
Student_0504,"HTML/CSS, 리액트, 뷰(Vue), 자바스크립트"
Student_0505,"HTML/CSS, 자바스크립트"
Student_0506,"데이터 분석, 머신러닝, 자바스크립트, 태블로 시각화, 파이썬 기초"
Student_0507,"리액트, 뷰(Vue)"
Student_0508,"HTML/CSS, 리액트, 뷰(Vue), 자바스크립트"
Student_0509,"HTML/CSS, 리액트, 웹 디자인 기초, 자바스크립트"
Student_0510,"SQL, 데이터 분석, 태블로 시각화, 파이썬 기초"
Student_0511,"SQL, 데이터 분석, 태블로 시각화, 파이썬 기초"
Student_0512,"HTML/CSS, 리액트, 웹 디자인 기초, 자바스크립트, 파이썬 기초"
Student_0513,"SQL, 머신러닝, 파이썬 기초"
Student_0514,"뷰(Vue), 자바스크립트"
Student_0515,"SQL, 머신러닝"
Student_0516,"머신러닝, 태블로 시각화, 파이썬 기초"
Student_0517,"HTML/CSS, 뷰(Vue)"
Student_0518,"HTML/CSS, 리액트, 웹 디자인 기초"
Student_0519,"SQL, 머신러닝, 태블로 시각화"
Student_0520,"HTML/CSS, 리액트, 뷰(Vue), 자바스크립트"
Student_0521,"머신러닝, 뷰(Vue)"
Student_0522,"SQL, 데이터 분석, 태블로 시각화, 파이썬 기초"
Student_0523,"웹 디자인 기초, 자바스크립트"
Student_0524,"데이터 분석, 태블로 시각화"
Student_0525,"머신러닝, 태블로 시각화"
Student_0526,"SQL, 머신러닝, 태블로 시각화, 파이썬 기초"
Student_0527,"데이터 분석, 머신러닝, 태블로 시각화, 파이썬 기초"
Student_0528,"SQL, 데이터 분석, 머신러닝"
Student_0529,"데이터 분석, 파이썬 기초"
Student_0530,"SQL, 머신러닝, 파이썬 기초"
Student_0531,"리액트, 태블로 시각화"
Student_0532,"HTML/CSS, 자바스크립트"
Student_0533,"데이터 분석, 머신러닝, 자바스크립트, 태블로 시각화, 파이썬 기초"
Student_0534,"뷰(Vue), 태블로 시각화, 파이썬 기초"
Student_0535,"머신러닝, 파이썬 기초"
Student_0536,"HTML/CSS, 뷰(Vue), 웹 디자인 기초, 자바스크립트"
Student_0537,"데이터 분석, 뷰(Vue), 파이썬 기초"
Student_0538,"SQL, 머신러닝, 태블로 시각화, 파이썬 기초"
Student_0539,"데이터 분석, 머신러닝, 뷰(Vue), 태블로 시각화, 파이썬 기초"
Student_0540,"데이터 분석, 머신러닝, 태블로 시각화, 파이썬 기초"
Student_0541,"데이터 분석, 머신러닝, 태블로 시각화"
Student_0542,"웹 디자인 기초, 자바스크립트"
Student_0543,"HTML/CSS, 뷰(Vue), 웹 디자인 기초, 자바스크립트"
Student_0544,"SQL, 데이터 분석, 태블로 시각화, 파이썬 기초"
Student_0545,"뷰(Vue), 웹 디자인 기초, 자바스크립트"
Student_0546,"HTML/CSS, 리액트, 자바스크립트"
Student_0547,"SQL, 머신러닝, 파이썬 기초"
Student_0548,"HTML/CSS, 자바스크립트"
Student_0549,"SQL, 데이터 분석, 머신러닝, 파이썬 기초"
Student_0550,"웹 디자인 기초, 자바스크립트"
Student_0551,"HTML/CSS, 리액트, 웹 디자인 기초, 자바스크립트"
Student_0552,"리액트, 뷰(Vue), 웹 디자인 기초, 자바스크립트"
Student_0553,"데이터 분석, 뷰(Vue), 태블로 시각화"
Student_0554,"데이터 분석, 머신러닝, 태블로 시각화, 파이썬 기초"
Student_0555,"HTML/CSS, 뷰(Vue), 웹 디자인 기초"
Student_0556,"HTML/CSS, 뷰(Vue)"
Student_0557,"HTML/CSS, 데이터 분석, 자바스크립트"
Student_0558,"데이터 분석, 머신러닝"
Student_0559,"HTML/CSS, SQL, 데이터 분석, 웹 디자인 기초"
Student_0560,"리액트, 뷰(Vue)"
Student_0561,"머신러닝, 파이썬 기초"
Student_0562,"HTML/CSS, 리액트, 뷰(Vue), 자바스크립트"
Student_0563,"데이터 분석, 웹 디자인 기초"
Student_0564,"HTML/CSS, 데이터 분석"
Student_0565,"SQL, 데이터 분석, 파이썬 기초"
Student_0566,"HTML/CSS, 뷰(Vue), 자바스크립트"
Student_0567,"HTML/CSS, 리액트, 머신러닝, 웹 디자인 기초"
Student_0568,"데이터 분석, 머신러닝, 태블로 시각화"
Student_0569,"SQL, 머신러닝, 파이썬 기초"
Student_0570,"HTML/CSS, 뷰(Vue)"
Student_0571,"SQL, 태블로 시각화"
Student_0572,"데이터 분석, 머신러닝"
Student_0573,"리액트, 뷰(Vue)"
Student_0574,"SQL, 데이터 분석, 머신러닝, 자바스크립트, 파이썬 기초"
Student_0575,"뷰(Vue), 웹 디자인 기초, 태블로 시각화"
Student_0576,"HTML/CSS, 뷰(Vue), 자바스크립트"
Student_0577,"HTML/CSS, 웹 디자인 기초, 자바스크립트, 파이썬 기초"
Student_0578,"SQL, 머신러닝, 자바스크립트, 태블로 시각화, 파이썬 기초"
Student_0579,"HTML/CSS, 뷰(Vue)"
Student_0580,"SQL, 태블로 시각화, 파이썬 기초"
Student_0581,"SQL, 데이터 분석, 머신러닝, 뷰(Vue)"
Student_0582,"HTML/CSS, 리액트"
Student_0583,"HTML/CSS, 리액트"
Student_0584,"SQL, 데이터 분석, 태블로 시각화, 파이썬 기초"
Student_0585,"뷰(Vue), 웹 디자인 기초, 자바스크립트"
Student_0586,"데이터 분석, 머신러닝, 태블로 시각화, 파이썬 기초"
Student_0587,"SQL, 머신러닝"
Student_0588,"데이터 분석, 머신러닝"
Student_0589,"HTML/CSS, 리액트, 뷰(Vue), 웹 디자인 기초, 태블로 시각화"
Student_0590,"SQL, 머신러닝, 파이썬 기초"
Student_0591,"HTML/CSS, 뷰(Vue), 웹 디자인 기초, 자바스크립트, 태블로 시각화"
Student_0592,"HTML/CSS, 웹 디자인 기초"
Student_0593,"리액트, 뷰(Vue), 자바스크립트"
Student_0594,"HTML/CSS, 뷰(Vue), 자바스크립트"
Student_0595,"HTML/CSS, 리액트, 뷰(Vue), 자바스크립트"
Student_0596,"SQL, 태블로 시각화, 파이썬 기초"
Student_0597,"리액트, 뷰(Vue), 웹 디자인 기초"
Student_0598,"SQL, 태블로 시각화"
Student_0599,"HTML/CSS, 자바스크립트, 태블로 시각화"
Student_0600,"뷰(Vue), 자바스크립트"
Student_0601,"HTML/CSS, 리액트, 뷰(Vue), 웹 디자인 기초, 태블로 시각화"
Student_0602,"SQL, 머신러닝, 태블로 시각화, 파이썬 기초"
Student_0603,"데이터 분석, 파이썬 기초"
Student_0604,"HTML/CSS, 머신러닝, 자바스크립트, 태블로 시각화"
Student_0605,"HTML/CSS, 뷰(Vue), 웹 디자인 기초"
Student_0606,"리액트, 뷰(Vue)"
Student_0607,"HTML/CSS, 리액트, 웹 디자인 기초"
Student_0608,"SQL, 데이터 분석, 태블로 시각화, 파이썬 기초"
Student_0609,"SQL, 자바스크립트, 태블로 시각화, 파이썬 기초"
Student_0610,"HTML/CSS, 리액트, 뷰(Vue), 자바스크립트"
Student_0611,"뷰(Vue), 웹 디자인 기초, 자바스크립트"
Student_0612,"SQL, 머신러닝, 웹 디자인 기초, 태블로 시각화"
Student_0613,"뷰(Vue), 웹 디자인 기초, 태블로 시각화"
Student_0614,"HTML/CSS, 리액트, 자바스크립트"
Student_0615,"HTML/CSS, 리액트, 자바스크립트"
Student_0616,"머신러닝, 태블로 시각화"
Student_0617,"HTML/CSS, 리액트, 뷰(Vue), 자바스크립트"
Student_0618,"데이터 분석, 머신러닝, 태블로 시각화, 파이썬 기초"
Student_0619,"HTML/CSS, 리액트, 웹 디자인 기초"
Student_0620,"HTML/CSS, 리액트"
Student_0621,"리액트, 뷰(Vue), 웹 디자인 기초, 자바스크립트"
Student_0622,"SQL, 머신러닝"
Student_0623,"SQL, 데이터 분석, 태블로 시각화"
Student_0624,"HTML/CSS, 뷰(Vue), 웹 디자인 기초, 자바스크립트"
Student_0625,"데이터 분석, 리액트, 웹 디자인 기초, 자바스크립트"
Student_0626,"SQL, 머신러닝"
Student_0627,"리액트, 뷰(Vue), 자바스크립트"
Student_0628,"SQL, 데이터 분석, 머신러닝, 뷰(Vue)"
Student_0629,"데이터 분석, 태블로 시각화"
Student_0630,"뷰(Vue), 자바스크립트"
Student_0631,"머신러닝, 태블로 시각화, 파이썬 기초"
Student_0632,"리액트, 자바스크립트, 파이썬 기초"
Student_0633,"리액트, 자바스크립트"
Student_0634,"SQL, 머신러닝, 태블로 시각화, 파이썬 기초"
Student_0635,"SQL, 데이터 분석, 머신러닝"
Student_0636,"HTML/CSS, 리액트, 머신러닝"
Student_0637,"데이터 분석, 태블로 시각화, 파이썬 기초"
Student_0638,"데이터 분석, 머신러닝, 태블로 시각화, 파이썬 기초"
Student_0639,"HTML/CSS, 리액트, 웹 디자인 기초"
Student_0640,"HTML/CSS, 리액트, 뷰(Vue), 웹 디자인 기초"
Student_0641,"SQL, 머신러닝, 태블로 시각화, 파이썬 기초"
Student_0642,"리액트, 뷰(Vue)"
Student_0643,"뷰(Vue), 웹 디자인 기초, 자바스크립트"
Student_0644,"데이터 분석, 머신러닝, 태블로 시각화, 파이썬 기초"
Student_0645,"HTML/CSS, 리액트, 뷰(Vue), 자바스크립트"
Student_0646,"머신러닝, 파이썬 기초"
Student_0647,"HTML/CSS, 리액트, 자바스크립트, 파이썬 기초"
Student_0648,"SQL, 데이터 분석, 리액트, 자바스크립트"
Student_0649,"HTML/CSS, 리액트, 뷰(Vue), 웹 디자인 기초"
Student_0650,"데이터 분석, 리액트, 파이썬 기초"
Student_0651,"리액트, 웹 디자인 기초"
Student_0652,"SQL, 머신러닝, 태블로 시각화, 파이썬 기초"
Student_0653,"리액트, 웹 디자인 기초"
Student_0654,"HTML/CSS, 데이터 분석, 뷰(Vue)"
Student_0655,"데이터 분석, 머신러닝, 태블로 시각화"
Student_0656,"HTML/CSS, 뷰(Vue), 자바스크립트, 파이썬 기초"
Student_0657,"데이터 분석, 자바스크립트"
Student_0658,"SQL, 리액트, 웹 디자인 기초"
Student_0659,"HTML/CSS, 리액트, 웹 디자인 기초"
Student_0660,"머신러닝, 뷰(Vue), 웹 디자인 기초"
Student_0661,"SQL, 웹 디자인 기초, 태블로 시각화"
Student_0662,"리액트, 뷰(Vue), 웹 디자인 기초, 자바스크립트"
Student_0663,"HTML/CSS, 리액트, 뷰(Vue), 웹 디자인 기초"
Student_0664,"HTML/CSS, 데이터 분석, 리액트, 뷰(Vue), 자바스크립트"
Student_0665,"HTML/CSS, 뷰(Vue), 자바스크립트"
Student_0666,"SQL, 태블로 시각화, 파이썬 기초"
Student_0667,"HTML/CSS, 웹 디자인 기초, 자바스크립트"
Student_0668,"뷰(Vue), 웹 디자인 기초"
Student_0669,"데이터 분석, 머신러닝, 자바스크립트, 파이썬 기초"
Student_0670,"SQL, 데이터 분석, 태블로 시각화, 파이썬 기초"
Student_0671,"HTML/CSS, 리액트, 뷰(Vue), 자바스크립트"
Student_0672,"리액트, 뷰(Vue), 웹 디자인 기초"
Student_0673,"HTML/CSS, SQL, 자바스크립트"
Student_0674,"데이터 분석, 리액트, 뷰(Vue), 웹 디자인 기초"
Student_0675,"HTML/CSS, 뷰(Vue), 웹 디자인 기초, 자바스크립트"
Student_0676,"리액트, 머신러닝, 웹 디자인 기초"
Student_0677,"HTML/CSS, 뷰(Vue)"
Student_0678,"HTML/CSS, 뷰(Vue), 웹 디자인 기초, 자바스크립트"
Student_0679,"SQL, 데이터 분석, 머신러닝, 파이썬 기초"
Student_0680,"웹 디자인 기초, 자바스크립트"
Student_0681,"SQL, 머신러닝, 태블로 시각화"
Student_0682,"SQL, 데이터 분석, 머신러닝, 태블로 시각화"
Student_0683,"뷰(Vue), 자바스크립트"
Student_0684,"HTML/CSS, 리액트, 뷰(Vue), 웹 디자인 기초"
Student_0685,"리액트, 웹 디자인 기초, 자바스크립트"
Student_0686,"HTML/CSS, 데이터 분석, 뷰(Vue), 자바스크립트"
Student_0687,"SQL, 머신러닝, 태블로 시각화"
Student_0688,"HTML/CSS, 리액트, 머신러닝, 뷰(Vue)"
Student_0689,"데이터 분석, 머신러닝, 태블로 시각화, 파이썬 기초"
Student_0690,"HTML/CSS, 리액트"
Student_0691,"HTML/CSS, 리액트, 뷰(Vue)"
Student_0692,"뷰(Vue), 웹 디자인 기초"
Student_0693,"HTML/CSS, 리액트, 웹 디자인 기초, 자바스크립트"
Student_0694,"HTML/CSS, 리액트, 뷰(Vue), 자바스크립트"
Student_0695,"리액트, 뷰(Vue), 자바스크립트"
Student_0696,"HTML/CSS, 리액트, 웹 디자인 기초, 자바스크립트"
Student_0697,"태블로 시각화, 파이썬 기초"
Student_0698,"SQL, 데이터 분석, 머신러닝, 뷰(Vue), 파이썬 기초"
Student_0699,"HTML/CSS, 자바스크립트"
Student_0700,"SQL, 리액트, 뷰(Vue), 웹 디자인 기초, 자바스크립트"
Student_0701,"HTML/CSS, 웹 디자인 기초"
Student_0702,"데이터 분석, 머신러닝, 태블로 시각화, 파이썬 기초"
Student_0703,"SQL, 데이터 분석, 태블로 시각화"
Student_0704,"HTML/CSS, 뷰(Vue), 웹 디자인 기초, 자바스크립트"
Student_0705,"HTML/CSS, 머신러닝, 웹 디자인 기초, 파이썬 기초"
Student_0706,"HTML/CSS, 뷰(Vue), 자바스크립트"
Student_0707,"SQL, 데이터 분석, 머신러닝, 파이썬 기초"
Student_0708,"HTML/CSS, 뷰(Vue), 웹 디자인 기초"
Student_0709,"데이터 분석, 리액트, 뷰(Vue), 파이썬 기초"
Student_0710,"HTML/CSS, 뷰(Vue)"
Student_0711,"HTML/CSS, SQL, 리액트, 뷰(Vue), 웹 디자인 기초"
Student_0712,"데이터 분석, 파이썬 기초"
Student_0713,"리액트, 뷰(Vue), 웹 디자인 기초, 자바스크립트"
Student_0714,"HTML/CSS, SQL, 머신러닝, 파이썬 기초"
Student_0715,"HTML/CSS, 리액트, 뷰(Vue), 웹 디자인 기초"
Student_0716,"HTML/CSS, 리액트, 자바스크립트"
Student_0717,"머신러닝, 태블로 시각화, 파이썬 기초"
Student_0718,"SQL, 리액트, 머신러닝, 태블로 시각화"
Student_0719,"뷰(Vue), 웹 디자인 기초"
Student_0720,"머신러닝, 파이썬 기초"
Student_0721,"HTML/CSS, 머신러닝, 웹 디자인 기초"
Student_0722,"SQL, 데이터 분석, 태블로 시각화, 파이썬 기초"
Student_0723,"HTML/CSS, 자바스크립트"
Student_0724,"뷰(Vue), 웹 디자인 기초"
Student_0725,"SQL, 머신러닝, 태블로 시각화, 파이썬 기초"
Student_0726,"리액트, 웹 디자인 기초, 자바스크립트"
Student_0727,"SQL, 데이터 분석, 머신러닝, 파이썬 기초"
Student_0728,"리액트, 웹 디자인 기초, 자바스크립트"
Student_0729,"HTML/CSS, 웹 디자인 기초, 자바스크립트"
Student_0730,"SQL, 데이터 분석, 머신러닝, 파이썬 기초"
Student_0731,"데이터 분석, 머신러닝, 태블로 시각화"
Student_0732,"HTML/CSS, 자바스크립트"
Student_0733,"웹 디자인 기초, 자바스크립트"
Student_0734,"HTML/CSS, 웹 디자인 기초"
Student_0735,"HTML/CSS, 리액트, 뷰(Vue), 웹 디자인 기초"
Student_0736,"HTML/CSS, 리액트, 뷰(Vue), 웹 디자인 기초"
Student_0737,"SQL, 데이터 분석, 머신러닝, 파이썬 기초"
Student_0738,"HTML/CSS, 리액트, 웹 디자인 기초, 자바스크립트"
Student_0739,"데이터 분석, 머신러닝, 태블로 시각화, 파이썬 기초"
Student_0740,"리액트, 웹 디자인 기초"
Student_0741,"리액트, 뷰(Vue), 웹 디자인 기초, 자바스크립트"
Student_0742,"SQL, 데이터 분석, 태블로 시각화, 파이썬 기초"
Student_0743,"SQL, 데이터 분석, 머신러닝, 태블로 시각화"
Student_0744,"리액트, 웹 디자인 기초"
Student_0745,"HTML/CSS, 머신러닝, 뷰(Vue), 자바스크립트"
Student_0746,"HTML/CSS, 뷰(Vue), 웹 디자인 기초, 자바스크립트"
Student_0747,"HTML/CSS, 웹 디자인 기초, 자바스크립트"
Student_0748,"뷰(Vue), 자바스크립트"
Student_0749,"HTML/CSS, 뷰(Vue), 웹 디자인 기초"
Student_0750,"HTML/CSS, 웹 디자인 기초, 자바스크립트, 태블로 시각화"
Student_0751,"SQL, 리액트, 머신러닝, 태블로 시각화, 파이썬 기초"
Student_0752,"뷰(Vue), 자바스크립트, 태블로 시각화, 파이썬 기초"
Student_0753,"SQL, 머신러닝, 태블로 시각화, 파이썬 기초"
Student_0754,"HTML/CSS, 리액트, 웹 디자인 기초, 자바스크립트"
Student_0755,"뷰(Vue), 자바스크립트"
Student_0756,"머신러닝, 태블로 시각화"
Student_0757,"HTML/CSS, 뷰(Vue)"
Student_0758,"HTML/CSS, 뷰(Vue)"
Student_0759,"SQL, 뷰(Vue), 자바스크립트, 파이썬 기초"
Student_0760,"HTML/CSS, 뷰(Vue), 웹 디자인 기초, 자바스크립트"
Student_0761,"데이터 분석, 머신러닝, 태블로 시각화, 파이썬 기초"
Student_0762,"리액트, 뷰(Vue)"
Student_0763,"SQL, 머신러닝, 태블로 시각화, 파이썬 기초"
Student_0764,"SQL, 머신러닝, 파이썬 기초"
Student_0765,"리액트, 뷰(Vue), 웹 디자인 기초"
Student_0766,"SQL, 데이터 분석, 머신러닝, 태블로 시각화"
Student_0767,"리액트, 뷰(Vue), 웹 디자인 기초"
Student_0768,"HTML/CSS, 리액트, 뷰(Vue), 자바스크립트"
Student_0769,"HTML/CSS, 자바스크립트"
Student_0770,"HTML/CSS, 뷰(Vue), 웹 디자인 기초, 자바스크립트"
Student_0771,"데이터 분석, 머신러닝"
Student_0772,"SQL, 데이터 분석"
Student_0773,"리액트, 뷰(Vue), 웹 디자인 기초, 자바스크립트"
Student_0774,"뷰(Vue), 웹 디자인 기초, 태블로 시각화"
Student_0775,"데이터 분석, 태블로 시각화"
Student_0776,"HTML/CSS, SQL, 뷰(Vue), 자바스크립트"
Student_0777,"리액트, 뷰(Vue), 웹 디자인 기초"
Student_0778,"SQL, 데이터 분석, 태블로 시각화, 파이썬 기초"
Student_0779,"HTML/CSS, 리액트, 웹 디자인 기초, 자바스크립트"
Student_0780,"데이터 분석, 태블로 시각화, 파이썬 기초"
Student_0781,"HTML/CSS, 리액트, 웹 디자인 기초, 자바스크립트"
Student_0782,"리액트, 머신러닝, 웹 디자인 기초, 태블로 시각화"
Student_0783,"리액트, 뷰(Vue)"
Student_0784,"HTML/CSS, 뷰(Vue)"
Student_0785,"SQL, 데이터 분석"
Student_0786,"SQL, 데이터 분석, 리액트, 태블로 시각화, 파이썬 기초"
Student_0787,"SQL, 머신러닝"
Student_0788,"뷰(Vue), 웹 디자인 기초, 자바스크립트"
Student_0789,"SQL, 데이터 분석"
Student_0790,"HTML/CSS, 리액트, 웹 디자인 기초, 자바스크립트"
Student_0791,"HTML/CSS, 리액트, 뷰(Vue), 웹 디자인 기초"
Student_0792,"SQL, 데이터 분석, 머신러닝"
Student_0793,"HTML/CSS, 리액트, 머신러닝, 뷰(Vue), 웹 디자인 기초"
Student_0794,"HTML/CSS, 리액트, 웹 디자인 기초, 자바스크립트"
Student_0795,"SQL, 머신러닝, 자바스크립트, 태블로 시각화, 파이썬 기초"
Student_0796,"SQL, 태블로 시각화"
Student_0797,"SQL, 데이터 분석, 머신러닝, 태블로 시각화"
Student_0798,"머신러닝, 태블로 시각화"
Student_0799,"리액트, 뷰(Vue), 자바스크립트"
Student_0800,"HTML/CSS, 리액트, 웹 디자인 기초, 자바스크립트"
Student_0801,"리액트, 웹 디자인 기초, 자바스크립트, 파이썬 기초"
Student_0802,"SQL, 데이터 분석, 태블로 시각화"
Student_0803,"HTML/CSS, SQL, 리액트, 뷰(Vue), 웹 디자인 기초"
Student_0804,"HTML/CSS, 리액트, 뷰(Vue), 자바스크립트"
Student_0805,"SQL, 데이터 분석, 웹 디자인 기초, 태블로 시각화, 파이썬 기초"
Student_0806,"SQL, 데이터 분석, 머신러닝, 태블로 시각화"
Student_0807,"HTML/CSS, 리액트, 뷰(Vue), 자바스크립트"
Student_0808,"HTML/CSS, 자바스크립트"
Student_0809,"HTML/CSS, 리액트, 뷰(Vue), 웹 디자인 기초"
Student_0810,"SQL, 데이터 분석, 머신러닝, 태블로 시각화"
Student_0811,"데이터 분석, 머신러닝, 태블로 시각화"
Student_0812,"리액트, 자바스크립트"
Student_0813,"웹 디자인 기초, 자바스크립트"
Student_0814,"머신러닝, 태블로 시각화, 파이썬 기초"
Student_0815,"HTML/CSS, 리액트"
Student_0816,"SQL, 데이터 분석, 파이썬 기초"
Student_0817,"데이터 분석, 리액트, 태블로 시각화"
Student_0818,"리액트, 뷰(Vue), 웹 디자인 기초"
Student_0819,"웹 디자인 기초, 자바스크립트"
Student_0820,"리액트, 뷰(Vue), 웹 디자인 기초, 자바스크립트"
Student_0821,"HTML/CSS, 뷰(Vue)"
Student_0822,"SQL, 자바스크립트, 파이썬 기초"
Student_0823,"SQL, 태블로 시각화, 파이썬 기초"
Student_0824,"자바스크립트, 태블로 시각화, 파이썬 기초"
Student_0825,"HTML/CSS, 리액트, 웹 디자인 기초, 자바스크립트"
Student_0826,"HTML/CSS, 뷰(Vue), 자바스크립트"
Student_0827,"HTML/CSS, 리액트, 자바스크립트"
Student_0828,"SQL, 데이터 분석, 머신러닝, 태블로 시각화"
Student_0829,"리액트, 머신러닝, 자바스크립트"
Student_0830,"HTML/CSS, 뷰(Vue), 웹 디자인 기초"
Student_0831,"데이터 분석, 머신러닝, 태블로 시각화, 파이썬 기초"
Student_0832,"HTML/CSS, 데이터 분석, 리액트, 웹 디자인 기초, 자바스크립트"
Student_0833,"SQL, 데이터 분석, 머신러닝"
Student_0834,"데이터 분석, 파이썬 기초"
Student_0835,"데이터 분석, 머신러닝, 태블로 시각화, 파이썬 기초"
Student_0836,"뷰(Vue), 자바스크립트"
Student_0837,"데이터 분석, 머신러닝, 태블로 시각화, 파이썬 기초"
Student_0838,"HTML/CSS, 자바스크립트, 태블로 시각화"
Student_0839,"SQL, 데이터 분석, 태블로 시각화, 파이썬 기초"
Student_0840,"데이터 분석, 파이썬 기초"
Student_0841,"SQL, 데이터 분석"
Student_0842,"태블로 시각화, 파이썬 기초"
Student_0843,"HTML/CSS, 뷰(Vue), 웹 디자인 기초, 자바스크립트"
Student_0844,"HTML/CSS, 데이터 분석, 리액트, 뷰(Vue), 웹 디자인 기초"
Student_0845,"뷰(Vue), 자바스크립트"
Student_0846,"HTML/CSS, 리액트, 머신러닝, 파이썬 기초"
Student_0847,"HTML/CSS, 리액트, 자바스크립트"
Student_0848,"머신러닝, 태블로 시각화, 파이썬 기초"
Student_0849,"리액트, 뷰(Vue), 웹 디자인 기초"
Student_0850,"웹 디자인 기초, 자바스크립트"
Student_0851,"HTML/CSS, 리액트, 뷰(Vue), 자바스크립트"
Student_0852,"HTML/CSS, 리액트, 뷰(Vue), 자바스크립트"
Student_0853,"리액트, 뷰(Vue), 자바스크립트"
Student_0854,"SQL, 머신러닝, 파이썬 기초"
Student_0855,"데이터 분석, 파이썬 기초"
Student_0856,"HTML/CSS, 뷰(Vue)"
Student_0857,"HTML/CSS, 리액트, 웹 디자인 기초, 자바스크립트"
Student_0858,"뷰(Vue), 자바스크립트"
Student_0859,"HTML/CSS, 리액트, 뷰(Vue)"
Student_0860,"HTML/CSS, 리액트, 뷰(Vue), 파이썬 기초"
Student_0861,"HTML/CSS, 데이터 분석, 자바스크립트"
Student_0862,"웹 디자인 기초, 자바스크립트"
Student_0863,"데이터 분석, 뷰(Vue), 웹 디자인 기초, 자바스크립트"
Student_0864,"HTML/CSS, 뷰(Vue), 웹 디자인 기초"
Student_0865,"SQL, 머신러닝, 태블로 시각화"
Student_0866,"HTML/CSS, 뷰(Vue), 웹 디자인 기초"
Student_0867,"리액트, 뷰(Vue), 웹 디자인 기초"
Student_0868,"리액트, 웹 디자인 기초, 자바스크립트"
Student_0869,"데이터 분석, 태블로 시각화, 파이썬 기초"
Student_0870,"HTML/CSS, 리액트, 웹 디자인 기초"
Student_0871,"SQL, 데이터 분석, 태블로 시각화, 파이썬 기초"
Student_0872,"SQL, 데이터 분석, 파이썬 기초"
Student_0873,"SQL, 데이터 분석, 머신러닝, 파이썬 기초"
Student_0874,"HTML/CSS, 뷰(Vue)"
Student_0875,"SQL, 머신러닝, 태블로 시각화, 파이썬 기초"
Student_0876,"머신러닝, 태블로 시각화, 파이썬 기초"
Student_0877,"HTML/CSS, 뷰(Vue)"
Student_0878,"데이터 분석, 머신러닝, 태블로 시각화, 파이썬 기초"
Student_0879,"HTML/CSS, 뷰(Vue), 웹 디자인 기초"
Student_0880,"리액트, 자바스크립트, 태블로 시각화"
Student_0881,"HTML/CSS, 리액트, 뷰(Vue), 자바스크립트"
Student_0882,"뷰(Vue), 자바스크립트"
Student_0883,"HTML/CSS, 리액트, 웹 디자인 기초, 자바스크립트"
Student_0884,"SQL, 머신러닝, 파이썬 기초"
Student_0885,"SQL, 데이터 분석, 태블로 시각화"
Student_0886,"SQL, 데이터 분석, 머신러닝"
Student_0887,"HTML/CSS, 리액트, 뷰(Vue), 자바스크립트"
Student_0888,"SQL, 머신러닝, 태블로 시각화, 파이썬 기초"
Student_0889,"HTML/CSS, 리액트"
Student_0890,"HTML/CSS, 뷰(Vue), 웹 디자인 기초"
Student_0891,"리액트, 자바스크립트"
Student_0892,"HTML/CSS, 뷰(Vue)"
Student_0893,"데이터 분석, 리액트, 자바스크립트"
Student_0894,"HTML/CSS, SQL, 리액트, 뷰(Vue), 자바스크립트"
Student_0895,"HTML/CSS, 리액트, 뷰(Vue), 자바스크립트"
Student_0896,"HTML/CSS, 뷰(Vue)"
Student_0897,"HTML/CSS, 리액트, 뷰(Vue), 웹 디자인 기초"
Student_0898,"HTML/CSS, 뷰(Vue), 웹 디자인 기초, 자바스크립트"
Student_0899,"SQL, 파이썬 기초"
Student_0900,"SQL, 데이터 분석, 파이썬 기초"
Student_0901,"리액트, 웹 디자인 기초"
Student_0902,"SQL, 데이터 분석, 파이썬 기초"
Student_0903,"머신러닝, 웹 디자인 기초, 자바스크립트, 태블로 시각화"
Student_0904,"SQL, 데이터 분석, 태블로 시각화"
Student_0905,"데이터 분석, 태블로 시각화"
Student_0906,"데이터 분석, 머신러닝, 태블로 시각화, 파이썬 기초"
Student_0907,"HTML/CSS, 리액트"
Student_0908,"HTML/CSS, SQL"
Student_0909,"HTML/CSS, 리액트"
Student_0910,"SQL, 머신러닝, 태블로 시각화"
Student_0911,"HTML/CSS, 리액트, 웹 디자인 기초, 자바스크립트, 파이썬 기초"
Student_0912,"HTML/CSS, 리액트, 뷰(Vue), 웹 디자인 기초"
Student_0913,"SQL, 파이썬 기초"
Student_0914,"리액트, 뷰(Vue), 웹 디자인 기초, 자바스크립트"
Student_0915,"데이터 분석, 태블로 시각화, 파이썬 기초"
Student_0916,"SQL, 머신러닝"
Student_0917,"HTML/CSS, 자바스크립트"
Student_0918,"HTML/CSS, 리액트, 웹 디자인 기초"
Student_0919,"뷰(Vue), 웹 디자인 기초"
Student_0920,"리액트, 뷰(Vue), 웹 디자인 기초"
Student_0921,"HTML/CSS, 리액트, 뷰(Vue), 웹 디자인 기초"
Student_0922,"뷰(Vue), 자바스크립트"
Student_0923,"머신러닝, 태블로 시각화, 파이썬 기초"
Student_0924,"SQL, 머신러닝, 파이썬 기초"
Student_0925,"웹 디자인 기초, 자바스크립트"
Student_0926,"HTML/CSS, 웹 디자인 기초"
Student_0927,"리액트, 뷰(Vue), 웹 디자인 기초, 자바스크립트"
Student_0928,"데이터 분석, 리액트, 머신러닝, 태블로 시각화"
Student_0929,"HTML/CSS, 리액트, 뷰(Vue), 자바스크립트"
Student_0930,"뷰(Vue), 웹 디자인 기초"
Student_0931,"SQL, 뷰(Vue), 자바스크립트, 파이썬 기초"
Student_0932,"HTML/CSS, 웹 디자인 기초, 자바스크립트"
Student_0933,"SQL, 데이터 분석, 머신러닝, 파이썬 기초"
Student_0934,"SQL, 데이터 분석, 웹 디자인 기초"
Student_0935,"웹 디자인 기초, 태블로 시각화"
Student_0936,"SQL, 머신러닝, 파이썬 기초"
Student_0937,"SQL, 데이터 분석, 머신러닝, 웹 디자인 기초, 태블로 시각화"
Student_0938,"SQL, 데이터 분석, 리액트, 태블로 시각화, 파이썬 기초"
Student_0939,"SQL, 태블로 시각화"
Student_0940,"데이터 분석, 머신러닝"
Student_0941,"SQL, 데이터 분석, 머신러닝, 태블로 시각화"
Student_0942,"SQL, 데이터 분석, 태블로 시각화"
Student_0943,"HTML/CSS, SQL, 리액트, 웹 디자인 기초, 자바스크립트"
Student_0944,"SQL, 데이터 분석, 태블로 시각화"
Student_0945,"SQL, 데이터 분석, 태블로 시각화, 파이썬 기초"
Student_0946,"HTML/CSS, 리액트, 웹 디자인 기초"
Student_0947,"HTML/CSS, 리액트, 뷰(Vue), 웹 디자인 기초"
Student_0948,"데이터 분석, 파이썬 기초"
Student_0949,"뷰(Vue), 자바스크립트"
Student_0950,"SQL, 데이터 분석, 머신러닝, 파이썬 기초"
Student_0951,"SQL, 태블로 시각화"
Student_0952,"SQL, 파이썬 기초"
Student_0953,"HTML/CSS, 뷰(Vue), 웹 디자인 기초, 자바스크립트"
Student_0954,"SQL, 리액트, 파이썬 기초"
Student_0955,"리액트, 뷰(Vue), 웹 디자인 기초, 자바스크립트"
Student_0956,"SQL, 머신러닝, 태블로 시각화, 파이썬 기초"
Student_0957,"HTML/CSS, 뷰(Vue), 자바스크립트"
Student_0958,"SQL, 데이터 분석, 태블로 시각화"
Student_0959,"SQL, 태블로 시각화"
Student_0960,"데이터 분석, 머신러닝"
Student_0961,"HTML/CSS, 리액트, 자바스크립트, 파이썬 기초"
Student_0962,"HTML/CSS, 뷰(Vue)"
Student_0963,"HTML/CSS, 머신러닝"
Student_0964,"HTML/CSS, 데이터 분석, 뷰(Vue), 태블로 시각화"
Student_0965,"웹 디자인 기초, 자바스크립트"
Student_0966,"머신러닝, 태블로 시각화, 파이썬 기초"
Student_0967,"SQL, 데이터 분석, 리액트, 태블로 시각화, 파이썬 기초"
Student_0968,"SQL, 데이터 분석, 파이썬 기초"
Student_0969,"데이터 분석, 리액트, 머신러닝, 파이썬 기초"
Student_0970,"데이터 분석, 머신러닝, 태블로 시각화, 파이썬 기초"
Student_0971,"SQL, 데이터 분석, 태블로 시각화, 파이썬 기초"
Student_0972,"HTML/CSS, 리액트, 뷰(Vue), 웹 디자인 기초"
Student_0973,"HTML/CSS, 머신러닝, 뷰(Vue)"
Student_0974,"SQL, 데이터 분석, 머신러닝, 태블로 시각화"
Student_0975,"HTML/CSS, 머신러닝, 뷰(Vue), 웹 디자인 기초, 자바스크립트"
Student_0976,"머신러닝, 태블로 시각화, 파이썬 기초"
Student_0977,"SQL, 데이터 분석, 태블로 시각화, 파이썬 기초"
Student_0978,"HTML/CSS, 뷰(Vue), 웹 디자인 기초, 파이썬 기초"
Student_0979,"SQL, 데이터 분석, 태블로 시각화"
Student_0980,"머신러닝, 파이썬 기초"
Student_0981,"뷰(Vue), 웹 디자인 기초, 자바스크립트"
Student_0982,"데이터 분석, 태블로 시각화"
Student_0983,"데이터 분석, 머신러닝, 태블로 시각화"
Student_0984,"SQL, 데이터 분석, 태블로 시각화, 파이썬 기초"
Student_0985,"HTML/CSS, 뷰(Vue), 자바스크립트"
Student_0986,"리액트, 뷰(Vue), 파이썬 기초"
Student_0987,"HTML/CSS, 데이터 분석, 리액트, 뷰(Vue), 자바스크립트"
Student_0988,"HTML/CSS, 리액트, 웹 디자인 기초, 자바스크립트"
Student_0989,"SQL, 머신러닝, 태블로 시각화, 파이썬 기초"
Student_0990,"SQL, 데이터 분석, 머신러닝, 태블로 시각화"
Student_0991,"HTML/CSS, 뷰(Vue), 웹 디자인 기초, 자바스크립트, 태블로 시각화"
Student_0992,"HTML/CSS, 뷰(Vue)"
Student_0993,"데이터 분석, 머신러닝, 파이썬 기초"
Student_0994,"데이터 분석, 머신러닝, 태블로 시각화"
Student_0995,"데이터 분석, 머신러닝"
Student_0996,"데이터 분석, 머신러닝, 태블로 시각화"
Student_0997,"HTML/CSS, 웹 디자인 기초"
Student_0998,"데이터 분석, 머신러닝, 뷰(Vue), 파이썬 기초"
Student_0999,"HTML/CSS, 리액트, 뷰(Vue), 웹 디자인 기초"
Student_1000,"SQL, 머신러닝, 파이썬 기초"
